Date,Equal Weight (1/N),Buy-and-Hold SPY,Vanilla PPO,PPO + DeepAR + TPG,MacroHRL (Ours)
2023-01-04,101414.33389405829,100771.99889223778,101414.33389405829,101414.33389405829,101163.40551622554
2023-01-05,100434.82674056824,99621.8535943166,100434.82674056824,100434.82674056824,100370.63517558723
2023-01-06,102635.01287823815,101906.39642648312,102635.01287823815,102635.01287823815,102514.59209443095
2023-01-09,103008.98947356615,101848.60738582621,103008.98947356615,103008.98947356615,102873.4986116897
2023-01-10,103186.34270650001,102562.86725677291,103186.34270650001,103186.34270650001,102905.98434281192
2023-01-11,104472.2413689678,103860.06115367665,104472.2413689678,104472.2413689678,104146.47712835248
2023-01-12,105494.2002777242,104238.19922279907,105494.2002777242,105494.2002777242,105170.44223514275
2023-01-13,105745.34156274932,104642.59745898285,105745.34156274932,105745.34156274932,105347.14183892016
2023-01-17,105536.24536346432,104450.90657599598,105536.24536346432,105536.24536346432,105100.32032203011
2023-01-18,105124.79967520441,102801.83477703114,105124.79967520441,105124.79967520441,104911.62704480016
2023-01-19,104955.95264720709,102053.43668890468,104955.95264720709,104955.95264720709,104541.40036163955
2023-01-20,105801.44452063146,103954.5977550975,105801.44452063146,105801.44452063146,105251.51423537954
2023-01-23,106424.41457708851,105201.89733458468,106424.41457708851,106424.41457708851,105878.41375378067
2023-01-24,106657.08303563131,105089.0036259038,106657.08303563131,106657.08303563131,106180.15540126919
2023-01-25,106831.16287887568,105128.37720337388,106831.16287887568,106831.16287887568,106328.59172690498
2023-01-26,107376.2405005679,106283.79120782927,107376.2405005679,107376.2405005679,106836.82658006377
2023-01-27,107508.57528807234,106527.99408837788,107508.57528807234,107508.57528807234,106942.17721571942
2023-01-30,106383.09381838646,105191.40994088209,106383.09381838646,106383.09381838646,105911.19275291542
2023-01-31,107362.73004766196,106738.06708830768,107362.73004766196,107362.73004766196,106952.90141036992
2023-02-01,108631.76352258402,107872.472959114,108631.76352258402,108631.76352258402,108278.19328656877
2023-02-02,109338.7763482,109442.74758377286,109376.18265021185,109336.13983746416,109054.96668324691
2023-02-03,107634.95476411538,108279.48887544296,107665.2861739599,107682.26437048688,107431.72985339533
2023-02-06,106847.88057606062,107617.73266549701,106864.37836194503,106839.10121353151,106646.1947998033
2023-02-07,107389.04241067436,109025.2276006194,107386.8662718007,107601.90682940921,107277.42032870815
2023-02-08,106881.40694512725,107833.06603540004,106851.58991726289,106819.7335628707,106673.36130332858
2023-02-09,106270.3656652242,106898.25410738192,106231.23957091922,106142.69591920469,105983.53265134833
2023-02-10,105848.8805948611,107147.71735790375,105807.88004011549,105745.16256133308,105545.51434007852
2023-02-13,106653.13875542414,108405.5126676545,106620.77056036469,106701.4863644279,106418.0512219541
2023-02-14,106623.90870310615,108355.61835023794,106589.7328812001,106714.42384623135,106436.0180741858
2023-02-15,106372.50366117964,108707.50458886001,106331.68422902857,106639.70843750762,106248.33861467334
2023-02-16,105442.59395069486,107210.72508572905,105404.99595712511,105491.80683752622,105164.65465884823
2023-02-17,105347.40678534511,106942.88805482525,105319.08122529971,105236.61093672838,105091.5596280305
2023-02-21,103688.29395018979,104797.52410808388,103631.32287914402,103390.0875192953,103322.67504831842
2023-02-22,103558.73057688004,104653.09318924644,103483.84310230584,103231.12285218839,103292.21064513495
2023-02-23,104215.14296251575,105209.79205782505,104117.63705259124,103917.75592230026,103989.69006003904
2023-02-24,102778.07925443548,104085.89025384327,102676.3338088134,102475.35952804543,102612.1409423485
2023-02-27,103325.59064642791,104440.40250917146,103225.35243702645,103010.47249986143,103149.99568907845
2023-02-28,103151.54314853396,104054.39472649159,103048.05465956035,102818.71454759805,103010.85834674136
2023-03-01,103080.68569056872,103655.24018715911,102917.07465208072,102540.10697779863,102768.32595922014
2023-03-02,103404.21223571754,104461.40230625955,103201.52704618358,102898.29129172221,103036.20613336259
2023-03-03,104963.66546458339,106136.73427228574,104746.92705782912,104460.4435884515,104662.06489003569
2023-03-06,104688.64574332205,106210.25440349654,104473.94110669215,104189.28277040136,104404.94339527606
2023-03-07,103343.3296792956,104582.18240161981,103124.538367824,102810.388848207,103204.001954859
2023-03-08,103646.68499131333,104752.88182407954,103416.38704109186,103085.549735607,103434.06588689827
2023-03-09,102592.84299875016,102820.2168939741,102439.94969224789,102036.81728932261,102478.97668901966
2023-03-10,102319.03209653341,101336.57581093478,102161.10520912841,101913.94627356851,102433.880022885
2023-03-13,102749.04497478869,101192.14489209736,102581.57779347435,102408.15394305356,102797.79354392602
2023-03-14,103366.28094156858,102864.8508414174,103184.98708052069,102678.36887112365,103312.91756944786
2023-03-15,103030.36639752863,102221.49342153635,102826.77096695802,102667.28349627959,103240.28588045364
2023-03-16,103974.36217624061,104014.98780277761,103720.38251902474,103307.12177210976,104141.13012816275
2023-03-17,103728.3151594584,102798.7669225935,103436.2964484221,103757.16783789887,104136.1815560944
2023-03-20,104153.5504290914,103787.24129358747,103821.67617590587,103897.65656259164,104401.86812503294
2023-03-21,104551.4442506125,105150.0272522178,104218.32539241486,103819.15801660265,104760.04503575798
2023-03-22,104077.98837656358,103357.59161421996,103730.9683119912,103646.89873658384,104501.80907228029
2023-03-23,104480.13906920217,103637.01646487464,104115.93604595249,104177.32634210872,104927.87622145636
2023-03-24,104757.12147159454,104317.08809927576,104339.07801802343,104120.69373445491,105088.7927391862
2023-03-27,104268.65857121197,104512.14695289527,103844.76318947478,103389.95391449501,104463.38080860258
2023-03-28,104454.08098795793,104277.53945402527,104033.23881429114,103596.12318557056,104581.23894656285
2023-03-29,105438.64480027092,105793.18459463555,105021.9382809195,104343.86123598479,105501.0979029897
2023-03-30,106355.88682586557,106412.64109421031,105923.62349994866,105216.21779863015,106346.82233468234
2023-03-31,107373.27397113708,107912.49678833991,106893.73148914523,106153.6870524831,107414.24258370217
2023-04-03,107568.76564299165,108323.68932171576,107085.40975200113,106385.38184049593,107648.6309487912
2023-04-04,107710.85706674129,107722.72331437659,107179.87447028645,106654.71019283873,107783.66119510535
2023-04-05,107326.30064792832,107440.66411045479,106752.60820239056,106296.77162491859,107503.57303429788
2023-04-06,107677.72601586186,107859.78471331486,107109.77969709768,106487.09609306727,107819.26484115788
2023-04-10,107421.0897778129,107970.4692333382,106887.2480288653,106140.73633471032,107456.19089458302
2023-04-11,107663.12874023867,107999.48046552025,107107.06617726413,106278.37240554171,107615.95408066921
2023-04-12,107463.78523482021,107559.27669996236,106934.95563965496,106006.97870311578,107407.03316297803
2023-04-13,108388.35771382294,108987.95483651421,107852.73048252925,107013.10425021092,108344.20401023007
2023-04-14,107603.94977195356,108721.71842531701,107083.22236397355,106327.88026112739,107651.5013632789
2023-04-17,107721.62425908781,109111.84446911699,107132.66616123999,106394.45775945138,107581.46027797503
2023-04-18,107866.40288084694,109183.00535357275,107265.25269420225,106564.83557156059,107749.00493695347
2023-04-19,107628.90251177952,109164.564880703,107025.10775854722,106236.60600628113,107503.37522159454
2023-04-20,107455.23844533731,108568.83423365414,106834.03665250173,106019.48813051694,107362.13373668549
2023-04-21,107255.98423324028,108653.20023068931,106631.35248023711,105957.49544715068,107232.02988627796
2023-04-24,107403.2225199756,108766.51910397976,106758.0710590785,106050.40021205953,107427.96342984776
2023-04-25,106609.48534436047,107039.99231702543,105946.62690858851,105007.17060117387,106657.09377700517
2023-04-26,106307.57707442815,106586.60844857102,105606.08955515568,104618.40347857265,106284.22294496553
2023-04-27,107493.40800256807,108708.53832242053,106792.4272587869,105808.17241335897,107367.4010027414
2023-04-28,108206.94194923081,109636.38922202715,107464.78085279358,106426.78315316333,108118.3469294188
2023-05-01,107499.19050435892,109525.69636544284,106757.2732728943,105772.85277553649,107345.16740875789
2023-05-02,107318.80204797401,108294.71143577757,106520.11490372333,105465.05006071246,107278.9568576881
2023-05-03,107281.74194423734,107551.37364016104,106495.96346044511,105463.08737456793,107245.79548162581
2023-05-04,107252.90781100084,106789.58703511379,106490.92509203116,105381.0685401899,107023.385481855
2023-05-05,108203.5319306057,108766.51910397976,107444.78426685002,106286.45515320964,107916.17930616514
2023-05-08,107961.99336411867,108795.52199960085,107182.25780836768,106112.8916728804,107646.48533387916
2023-05-09,107636.08529841254,108318.41227862056,106869.67141368531,105795.43268758604,107310.40093492536
2023-05-10,108133.20222574347,108824.54156834389,107352.9695444543,106223.50716537071,107833.98422862367
2023-05-11,107929.15428593208,108634.73474813667,107117.26463660823,106010.3172205369,107735.07428243558
2023-05-12,107493.67211565998,108492.3963061032,106681.4478970173,105603.81343767943,107305.61374984418
2023-05-15,107826.20544026188,108866.69955717857,106992.07314050541,105883.28399480855,107513.23353002549
2023-05-16,106886.67060626812,108139.1845542866,106033.07330341724,105018.44440445685,106696.29529408243
2023-05-17,107466.19347880453,109451.88445459801,106641.8453927788,105592.84761264786,107256.1267565003
2023-05-18,107421.62885325428,110506.24266695256,106550.59754100372,105719.44867858925,107353.55312680638
2023-05-19,107491.80686127636,110345.45541548837,106598.70678463283,105709.2446469656,107346.63829208641
2023-05-22,107718.67583626152,110390.27276727307,106818.71781545215,105931.13254735564,107508.65445772724
2023-05-23,106848.47536719973,109151.38477780648,105949.7053754634,104946.7541624101,106667.35634430968
2023-05-24,105833.863654829,108360.6036136991,104930.5490936977,103994.33014491627,105754.48987859518
2023-05-25,106053.46858040788,109298.99192637416,105160.84694185451,104622.28395364502,106154.9581631963
2023-05-26,107322.31392609177,110714.48162346857,106385.24696655126,106166.99309369794,107476.05821350687
2023-05-30,107423.55378248914,110756.65628542518,106533.18837988283,106289.5444798219,107677.29816556747
2023-05-31,107171.83443412272,110142.51017518951,106291.79239943973,105960.73441209899,107445.59735236499
2023-06-01,108131.94964007958,111188.95699118175,107251.62239564984,106960.9795970693,108389.4614244328
2023-06-02,108888.2291261555,112796.87952518949,107962.13445472113,107869.84386799912,109027.34273599969
2023-06-05,108740.58539049812,112580.7291723112,107792.28416160787,107730.94135460282,108895.87944262104
2023-06-06,109248.34137741313,112825.88242081058,108317.51985732789,108066.6635096071,109308.36668382026
2023-06-07,108599.88493699078,112435.74804044966,107634.6579396716,107218.90994266115,108457.13387654778
2023-06-08,109430.3195762141,113115.82801141172,108449.19480301581,108006.35397717242,109347.5560382761
2023-06-09,109415.51827790028,113318.79826139352,108432.10660121846,108088.32137452002,109365.69234837327
2023-06-12,109874.3304066888,114346.79626795507,108857.34274812331,108769.95031454084,109940.07987952497
2023-06-13,110205.66863619923,115100.679813201,109189.8200958996,109299.70295438974,110252.82351564681
2023-06-14,110650.65307704055,115237.74121213928,109620.50122688313,109768.23668241891,110698.44290882688
2023-06-15,111632.16284493645,116666.41934869117,110588.45953179042,110815.92253621455,111733.76936492813
2023-06-16,111297.90662328897,116269.03216028471,110250.82832987617,110423.47319159018,111363.80827048255
2023-06-20,110500.69701862408,115665.80694492217,109453.1822065462,109604.71514874026,110751.27939732865
2023-06-21,110092.24226862668,115073.1691619939,109055.33428870341,109042.23600866682,110316.50192703631
2023-06-22,109630.41096515431,115488.55498553858,108586.08644580968,108752.22852432559,109971.61132395607
2023-06-23,108939.60420390374,114615.45028183413,107889.67532160722,107961.45858848465,109380.04749393174
2023-06-26,109123.80755816228,114147.177315484,108058.99367432088,107886.3810647151,109354.38614295344
2023-06-27,109881.47639018715,115398.59515609128,108753.20290353968,108690.12100191962,110095.22695065287
2023-06-28,109967.80959082575,115456.80102479676,108826.84535761665,108791.30723051864,110251.08021327859
2023-06-29,109756.1549464985,115911.86054200653,108643.65783379159,108610.37154458673,109967.92217724412
2023-06-30,110801.83714333731,117279.69845658577,109692.7537968029,109669.4920295664,111070.39888030732
2023-07-03,111040.38265123611,117414.63403247623,109910.05742262742,109951.67820816477,111197.38775350791
2023-07-05,110588.38500931145,117240.0247629207,109447.79925908997,109547.59829184732,110747.01619269223
2023-07-06,109410.48112305111,116321.95264933405,108270.96381657795,108400.22595334942,109595.64122749341
2023-07-07,109590.32133800832,116028.28061597848,108439.29809166821,108453.90456615944,109593.2469300278
2023-07-10,109834.79768880681,116321.95264933407,108666.72195229655,108675.23334722398,109817.57193960687
2023-07-11,110644.90875137773,117062.74779385417,109451.68023402579,109486.94079152904,110577.08777703831
2023-07-12,112027.44428431972,118004.62912557645,110794.12930003747,110734.56179889191,111866.05537875697
2023-07-13,113113.59767465599,118941.2167410816,111853.5248911343,111791.763198419,113040.97725326939
2023-07-14,112684.03666073504,118867.1380602857,111419.97423275141,111392.79223971115,112705.33400961592
2023-07-17,112816.21524166939,119279.85618431937,111543.28652734101,111525.61499802748,112987.04833787454
2023-07-18,113212.56521644714,120166.19934684713,111909.04351197035,111913.21923818953,113518.55901296875
2023-07-19,113538.40233859247,120433.41113567805,112216.58209345491,112189.13878880326,113752.2804214302
2023-07-20,112587.36562118775,119634.39344933048,111298.82632471892,111235.63193600705,112608.16880818528
2023-07-21,112615.0512230071,119634.39344933048,111335.71335444495,111270.82615734186,112598.83817739096
2023-07-24,112838.42553154229,120168.85037323617,111505.47528941692,111531.0492211596,112836.58330639715
2023-07-25,113047.2336150738,120496.90238403968,111689.86187347461,111588.3447200671,113099.3592164878
2023-07-26,113326.12385348152,120515.43455908012,111957.46489690912,111832.01919586868,113251.757962614
2023-07-27,112073.59491438323,119716.42520929352,110710.26945195491,110577.44638192625,112246.19044019563
2023-07-28,113157.778925868,120888.47065288776,111804.26226884563,111696.94977827785,113465.97562180835
2023-07-31,113400.39380583493,121118.6764475646,112023.67184896431,111899.7606087591,113669.53167277487
2023-08-01,112498.1641522447,120772.06725203773,111101.66116127782,111062.5524300859,112945.48355160811
2023-08-02,111037.23668661808,119092.02512906246,109634.68100694376,109525.85003562398,111309.37413896451
2023-08-03,110471.19223116766,118750.72632287467,109064.70088032368,109094.47827601421,110869.16559487834
2023-08-04,110629.73483622477,118213.64338226282,109185.91426082027,109141.63836405674,110827.81478005146
2023-08-07,110995.55573700632,119245.47620687142,109554.75231779499,109538.50017248851,111377.69535486893
2023-08-08,110579.12229153582,118726.91710473907,109161.39249149263,109057.07612506743,110872.24894642545
2023-08-09,110371.38581721138,117933.20147116958,108942.3242774595,108797.31327122191,110442.3475969771
2023-08-10,110183.22015837279,117975.53452778466,108776.64440050448,108652.88377503854,110373.44655120285
2023-08-11,109761.65646110254,117906.73289008393,108331.71159873993,108215.0346728848,109955.4205724892
2023-08-14,109700.2824525091,118557.59321483968,108245.91259773799,108178.99222386032,110162.75614764508
2023-08-15,108750.3277539816,117176.51684143713,107315.94768402587,107247.20492886585,109131.11815154816
2023-08-16,107878.67456591225,116316.66726967791,106450.83364125453,106394.62525095169,108241.41174689429
2023-08-17,107321.36647297109,115430.34911683307,105897.76326936032,105849.06212079691,107548.8500568939
2023-08-18,107321.33069890272,115485.9122957105,105888.5197465791,105805.9198617313,107524.07607479866
2023-08-21,107436.99604944611,116237.29487266488,106037.01733756717,105985.67339404167,107984.14957932882
2023-08-22,107499.83489629808,115922.43130131885,106085.31313814668,105979.7590846794,107943.68881011472
2023-08-23,109010.9055093089,117213.56451839606,107532.20788425517,107406.4120843803,109401.47142088722
2023-08-24,108071.79748674603,115589.09391085916,106574.84411451926,106434.0599956669,108163.8578457621
2023-08-25,108469.69271260861,116403.95106305326,106993.66188900627,106808.39685725332,108678.46737396801
2023-08-28,109164.3829413114,117142.13686398919,107664.2395029275,107419.04306819986,109372.73760229927
2023-08-29,110528.49508642603,118835.39243610487,109011.19167380262,108717.92547354885,110872.25447372293
2023-08-30,110674.46623169481,119324.85694044545,109152.71578199421,108840.74064226281,111115.6694076758
2023-08-31,110398.77920229088,119150.22266120701,108843.62150700833,108599.32848222248,110942.55986997664
2023-09-01,110405.59759227764,119372.47537671671,108834.59964971266,108502.27196335177,110942.65887340254
2023-09-05,109575.58896412872,118856.54229129046,107994.71577668302,107734.19512462472,110298.80476660751
2023-09-06,109167.19516996943,118057.54961462581,107581.09869632203,107295.41891951939,109761.74809357472
2023-09-07,109006.53530828876,117695.08428013048,107407.10699260097,107105.5890376602,109489.07572756792
2023-09-08,109053.04654465677,117872.33623951407,107435.72272879344,107144.21963540687,109556.12166195796
2023-09-11,109566.1676288001,118647.553044287,107916.03205590813,107615.58699293002,110196.6416558557
2023-09-12,109221.01059202499,117996.69271953125,107582.31463226448,107182.51983408253,109671.370376215
2023-09-13,109082.20868731568,118134.27932181075,107422.48352909104,107071.11335273997,109670.0524523104
2023-09-14,109753.43278223398,119152.86535103507,108092.51342230268,107669.60939671168,110404.56778422759
2023-09-15,109174.07850219999,117717.28454199851,107476.49388066129,107043.9465352056,109533.5143355414
2023-09-18,109176.60647438369,117786.31960340647,107468.82088332728,107028.17541466554,109546.2045067607
2023-09-19,108832.4570463326,117542.0500303701,107104.95685483566,106710.35598194986,109249.8493908424
2023-09-20,108476.0468608843,116461.44832407615,106776.07800929091,106365.57658712665,108641.66880198133
2023-09-21,106538.7439191432,114536.51972255259,104838.01361524858,104566.18448309948,106754.43279464693
2023-09-22,106752.28124336492,114279.00335413196,105042.47609565365,104777.66041546312,106867.98982557205
2023-09-25,106326.4268293188,114759.5477382327,104663.86760000738,104420.93284524909,106707.48600049276
2023-09-26,105120.14155092167,113073.59499352836,103451.68377395165,103219.11979316275,105411.88894722378
2023-09-27,104815.59185580243,113118.71246150801,103137.40375531327,102912.93227846781,105237.64744623197
2023-09-28,105305.4785200535,113774.53304004202,103606.23826950724,103365.37153350066,105805.85328595193
2023-09-29,105140.41798021228,113498.39279441026,103434.52412256217,103205.0383608056,105658.46352776671
2023-10-02,104307.29329851565,113453.25865330861,102582.71272033047,102446.0477176319,105166.00614568852
2023-10-03,102863.03076783752,111934.57900450459,101150.4776924178,100974.39836136514,103656.59061930935
2023-10-04,103519.65454859473,112749.66958040591,101768.7052372806,101606.71820434667,104410.5532248066
2023-10-05,103635.30054540912,112707.20313881527,101864.01923958687,101695.5163585829,104419.61067611547
2023-10-06,104299.71206451234,114045.35455977375,102532.34064410703,102475.14962050595,105058.27232246983
2023-10-09,105153.23926371976,114775.48724281086,103339.71377351237,103068.90737779123,105961.84357284747
2023-10-10,105682.7101698319,115372.8768654931,103871.8576100073,103552.55403179799,106416.28135799778
2023-10-11,106569.16203524938,115845.47650698764,104744.28649861706,104339.34523875371,107275.59049980663
2023-10-12,105514.44031317413,115139.23640769588,103674.77903314395,103380.93539842816,106207.8845213372
2023-10-13,105728.1725004372,114565.73103219799,103974.56873992863,103530.24424476404,106439.4527760056
2023-10-16,106087.8932280624,115771.13105624063,104239.12893556758,103810.83856892156,106689.4999870113
2023-10-17,105814.13143233408,115765.80399377963,103960.20518191258,103564.19668358898,106374.24937475711
2023-10-18,104762.75376456509,114223.22342466927,102894.41578068878,102587.67559645731,105363.9157964154
2023-10-19,103867.21871976077,113219.63486863332,101939.60856206698,101935.02593748223,104496.10481295166
2023-10-20,103290.16330286398,111828.37121772315,101325.2944094014,101326.71729420553,103953.78541804757
2023-10-23,103342.86526748611,111634.53783856651,101398.49671407783,101300.44598972582,104106.53661732737
2023-10-24,104205.52656522872,112476.22204396802,102252.11673151374,102016.98071843924,104929.68294976617
2023-10-25,102850.02958811863,110861.93037737778,100932.41080693979,100824.51626105433,103538.22061096776
2023-10-26,102803.2863489442,109534.39973509745,100908.59172286936,100742.31723722837,103417.23579710812
2023-10-27,102630.2923600552,109037.90750985758,100735.71596348155,100869.34762750188,103339.62086046165
2023-10-30,103179.73919040822,110341.54556839258,101249.68015506375,101025.01621605088,103786.79466866478
2023-10-31,103415.43893091129,111034.50552605622,101449.60249668125,101021.62901749644,103949.28703482494
2023-11-01,104461.67388426328,112218.66399274257,102413.23887081839,101730.7162784549,105043.20111021282
2023-11-02,106361.78246508671,114369.2632997743,104241.04383239626,103268.07671015694,106856.62404436838
2023-11-03,107637.66962458247,115412.7006172557,105451.47578052075,104345.13002545445,107987.85412401632
2023-11-06,107280.5318881612,115678.2034110874,105101.26707115096,103895.37164577251,107608.28621073424
2023-11-07,107373.52361531346,116007.42254042695,105207.27434981354,103878.51059004621,107821.6995316606
2023-11-08,107430.62356275639,116092.39710641309,105247.81945618977,103830.57073842296,107957.49857440617
2023-11-09,106544.36002931229,115187.01323862562,104348.80140857749,103042.98065865767,107019.2003875518
2023-11-10,107324.87284225257,116984.48415945047,105146.5199120867,103599.73204454234,107848.39031446025
2023-11-13,107221.45218735156,116872.97431989093,105035.75035059072,103474.25931232383,107745.04655035825
2023-11-14,109771.97593846115,119140.41052894322,107528.53666275372,105761.71821128784,110052.4424576795
2023-11-15,109672.23344600432,119392.62484458573,107379.26167388688,105637.23077338806,109846.47715665713
2023-11-16,109873.93536811834,119538.6647196907,107552.91837014828,105753.99014686036,110131.43821147965
2023-11-17,110181.43157140161,119687.33061150182,107824.71540047202,106053.38433379817,110451.00431999954
2023-11-20,110855.67707588704,120608.64564730655,108455.417698422,106722.77036755266,111130.52163552074
2023-11-21,110668.90293336024,120345.78554330293,108243.47464324674,106444.2750910086,110945.04691463709
2023-11-22,110865.81409995336,120810.43210563033,108426.27234756321,106662.18102872776,111179.28382812152
2023-11-24,110901.87043510927,120884.76921981637,108472.01097763563,106656.05303071752,111117.04333650695
2023-11-27,111156.6484870355,120667.05993003634,108704.30532669219,106691.1734510162,111373.155662542
2023-11-28,111692.7773743191,120786.53952188499,109206.20020759519,107054.94183423587,111806.35613110119
2023-11-29,111986.52387601697,120701.56495589887,109461.19742664714,107276.92174782185,112136.78596522342
2023-11-30,111879.13474207665,121176.82396034342,109343.15436412484,107178.19390879228,111935.55238706649
2023-12-01,113173.30308785825,121893.70151143528,110634.88207729075,108277.0109781622,113155.44745924331
2023-12-04,112402.91696592623,121253.82043747949,109900.9766433396,107545.22514154475,112400.27907083493
2023-12-05,112467.74454705887,121229.92785373415,109948.40204474937,107627.925069177,112635.02971334806
2023-12-06,112553.49416158009,120741.41371734435,110050.71080911136,107717.13412116452,112767.54748632867
2023-12-07,113000.87099536746,121662.71208002711,110512.04132770363,108078.02168351055,113187.89935978223
2023-12-08,112750.36891106142,122185.75625196236,110230.92076747621,107903.632162087,112988.0250487043
2023-12-11,112887.37929277922,122660.99858328496,110372.30437770156,108067.98552131541,113139.92910647545
2023-12-12,113150.25222729982,123221.2238171547,110598.8294964255,108334.44467335001,113459.15555972754
2023-12-13,115280.29777326588,124920.45670348717,112656.32230000064,110406.90278199027,115522.98813886821
2023-12-14,116569.81567396088,125321.3785937457,113911.29605849671,111624.06343612683,116719.2861586639
2023-12-15,116033.06341807802,125115.03203657031,113368.09658826412,111122.28099449078,116305.45241706705
2023-12-18,116160.79675893414,125818.81285037538,113470.32307422985,111210.60267537268,116426.76813629885
2023-12-19,116898.71230260025,126583.90073356748,114188.49777022723,111871.0567045744,117117.3737863099
2023-12-20,115912.0661970177,124829.79660291823,113263.12802681126,110954.50629187649,116249.91726287543
2023-12-21,116929.9750165525,126013.42152970238,114212.8071426401,111726.01966304274,117088.63308017388
2023-12-22,116962.99032772289,126266.66957890545,114240.52751526888,111744.53590910068,117103.05214651827
2023-12-26,117585.48192868785,126799.8343358605,114839.0167506289,112282.9830982422,117658.85998496642
2023-12-27,118264.7381276891,127029.08976258656,115487.19593482593,112907.49881044072,118373.7040725029
2023-12-28,118202.89085947414,127077.06667097959,115409.67490206161,112824.08773657733,118196.8373519209
2023-12-29,117715.90082922234,126709.19924497449,114936.16023271196,112291.86139996484,117681.60097959565
2024-01-02,117006.19839507037,126000.0913687084,114251.55121573618,111575.75396255996,116913.17698180996
2024-01-03,116090.77994448235,124971.0763017083,113362.33143428963,110681.80348231249,116107.01667518323
2024-01-04,115665.7746901964,124568.52878206027,112911.10282815054,110206.91967602872,115564.12802264918
2024-01-05,115569.50563826496,124739.16151203222,112810.75233892378,110097.73178406266,115518.11562767097
2024-01-08,116585.92101701278,126519.92596466947,113828.94770988563,111119.91125567425,116837.25952505149
2024-01-09,116092.53951246737,126327.97664829249,113322.91725206096,110634.97877321423,116481.5953088353
2024-01-10,116275.37484461928,127042.42826014156,113502.7462740934,110843.74255026093,116840.27342072675
2024-01-11,116379.5511011972,126986.45658977653,113606.24477695633,110910.73428444169,116945.50830933088
2024-01-12,116725.83228159932,127074.39897146863,113931.14273072907,111224.79501190806,117209.52525080733
2024-01-16,115477.6658363009,126607.89335604453,112712.68932999572,110075.0281772729,116252.57475123607
2024-01-17,114456.58639030876,125904.12087880042,111708.09218768976,109134.2247915439,115356.10224522375
2024-01-18,114968.80918900673,127023.75436356461,112256.30437588439,109747.60394448576,116131.54047082819
2024-01-19,115902.55777836361,128607.2591104858,113132.6839107183,110680.38289415547,117301.77005326698
2024-01-22,115998.14973246153,128879.17271970483,113195.19254858242,110741.58588615073,117425.47215003677
2024-01-23,116010.46755812563,129255.05991736488,113212.47672369164,110838.10396409518,117548.64417197455
2024-01-24,115959.66443486618,129396.34795271588,113148.9606690209,110893.76679689107,117658.47826512235
2024-01-25,116565.06062562576,130100.12876652094,113732.1223614435,111386.91055511335,118187.94377030453
2024-01-26,116444.99786234436,129934.84810869292,113611.70325416174,111210.6378808403,117983.05019166498
2024-01-29,117200.35435757827,130963.8465025711,114324.5817054389,111942.84067133926,118818.18489753242
2024-01-30,116952.51200749991,130862.55728676305,114098.03050949144,111645.37121400812,118493.89149887249
2024-01-31,116225.93282732295,128727.22222287083,113418.25632820513,110641.37628837886,117303.90054810316
2024-02-01,117653.49993123637,130412.01618560005,114808.22266732015,111932.8736604908,118703.72877027765
2024-02-02,117185.86769606337,131784.92272925022,114319.57163840157,111818.9479598168,118878.72693174932
2024-02-05,116302.12420337781,131305.07027971017,113453.58709269771,111161.91230023115,118211.91975129826
2024-02-06,117201.6229143265,131686.29287639217,114311.13410044792,111722.9847280351,118801.74410625912
2024-02-07,117414.18743839185,132784.60143819035,114527.77033382695,112115.28678390423,119299.00628890416
2024-02-08,117354.23936711949,132843.25748118834,114428.34270420401,112064.70231357958,119286.44221301896
2024-02-09,117664.05241182177,133611.00472733047,114740.11824609654,112507.28877280523,119808.5123931645
2024-02-12,117690.6289013417,133552.35702089345,114766.67201055671,112471.63367820643,119738.99678302927
2024-02-13,115879.33703618319,131712.9448618192,112960.03761280545,110742.56070190147,117948.50522479851
2024-02-14,116773.67736221073,132909.89994959734,113805.59210612258,111684.14098886221,118956.62360749653
2024-02-15,117717.72495250536,133826.94666618446,114728.88554982966,112488.9568354133,119782.6739684474
2024-02-16,117377.31949633737,133160.49697241138,114365.11213607299,112158.578953986,119317.05871621259
2024-02-20,117373.61431413572,132427.39647366828,114356.90566978873,112106.79966958553,119102.94713229276
2024-02-21,117317.01585269599,132547.35124949232,114286.81940021594,112070.67847797678,119013.25613185372
2024-02-22,118540.4189630101,135290.4799641597,115410.09540403953,113317.12592361453,120736.92229417953
2024-02-23,118803.57242214028,135383.78275455668,115648.73976572092,113483.27224949513,120861.18516968618
2024-02-26,118366.21129419925,134887.94078107263,115224.63072160158,113079.80114938566,120486.56322758095
2024-02-27,118415.53125756823,135138.5127942037,115255.09143201914,113160.68162791073,120610.6131804413
2024-02-28,118306.1518505832,134959.91864850363,115080.81820141668,112842.12123641024,120363.26618385295
2024-02-29,118864.70164163513,135445.10649706566,115613.18640901493,113325.46635829232,120945.80494947032
2024-03-01,120160.57389580732,136716.69047866386,116853.63088218952,114585.7742300375,122285.98485823479
2024-03-04,120338.1436245501,136570.06704429086,117014.74807253183,114697.74588533762,122315.22726235884
2024-03-05,119867.27534363235,135205.16359917368,116524.40920084249,114119.0850518476,121470.47962705797
2024-03-06,120754.52892275473,135890.2788529628,117377.7762759984,114980.30759551251,122304.06258460059
2024-03-07,121490.7721713726,137239.184437575,118066.71696688196,115744.73922720691,123285.5394058446
2024-03-08,121396.35288417156,136415.45718450684,117918.27791844941,115764.13837151267,122869.86085707141
2024-03-11,121219.56544078408,136298.16177163282,117744.89428036209,115609.01933795934,122645.75144473443
2024-03-12,121575.85704628887,137764.37110567998,118017.62098708887,115634.87838599952,123263.12519879673
2024-03-13,121351.31971280076,137548.420830265,117777.30205360144,115556.99980095628,122986.62914313874
2024-03-14,120498.86076590102,137276.51555760694,116914.90140176761,114798.19444081222,122306.22536994758
2024-03-15,120034.0707818124,136333.9172816411,116428.37385189308,114370.5134566368,121686.83468291782
2024-03-18,120309.22989977419,137144.13930593483,116677.70233643825,114597.09563282803,122133.74243541108
2024-03-19,120463.2774482487,137906.2843831039,116826.08030407401,114698.10361732764,122383.40745376328
2024-03-20,121435.57428046127,139181.81989460276,117758.7630118028,115675.70535293073,123459.38345025724
2024-03-21,121687.29070095487,139641.78130966396,117976.34071690726,115829.05894371352,123741.98678318285
2024-03-22,121352.5717475262,139377.02046975878,117638.73724183586,115378.51826107013,123465.1729057468
2024-03-25,121090.2686567657,138991.96305502972,117358.46663786321,115195.08324015465,123175.99261232774
2024-03-26,121031.58393227778,138735.23032334045,117278.57443633986,115168.67776912585,123056.2444036246
2024-03-27,122057.4703611566,139901.13172149842,118242.0028375157,116098.82021384043,123982.2217719235
2024-03-28,122307.05336535681,139874.40470702265,118451.95615974179,116448.15147070528,124118.25816469178
2024-04-01,121826.24536592525,139631.0521556932,117955.86936427487,116296.20245507789,123854.0730275138
2024-04-02,121462.5753132803,138743.28344123927,117553.5898474846,116420.96163054653,123415.32169814302
2024-04-03,121766.97897901801,138895.6757758048,117822.32324487144,116886.55184107398,123736.15993035323
2024-04-04,121075.05928937774,137200.31105376323,117190.41930019156,116124.0982351332,122733.85834691378
2024-04-05,121605.1684750782,138633.6076450935,117722.91019249559,116994.06239363304,123571.70604040139
2024-04-08,122084.32785589709,138711.1543352537,118163.31684323163,117509.63470488641,123953.8166315219
2024-04-09,122720.23540755118,138871.61646083998,118778.33349773538,118063.17130073444,124453.9092648753
2024-04-10,120770.67739129219,137481.06975417337,116995.89512215309,116438.04783280686,122792.22268522
2024-04-11,121519.93541740988,138518.65480585257,117753.92539594889,117644.15902982728,123814.12835057099
2024-04-12,120166.59849568922,136606.65621039635,116406.14850393869,116136.04409340872,122268.35675230439
2024-04-15,119296.42967605664,134895.235271923,115522.43718255742,116027.49523469704,121293.68308348027
2024-04-16,118587.54662630778,134649.20668452157,114840.29721477747,115613.74636279642,120791.19366020334
2024-04-17,118283.79289832883,133852.3314943438,114551.1796790123,115091.09800107332,120237.44970819703
2024-04-18,118177.44330095916,133576.89985639462,114437.24861306133,115142.74532981812,120064.3919536116
2024-04-19,117887.56672830856,132410.99845823663,114071.40688961436,115089.4604478358,119409.76271271419
2024-04-22,118326.5481036151,133630.3705584681,114436.58325292279,114303.93949993163,119777.46579135429
2024-04-23,119169.82595961686,135216.1178402907,115238.15916472847,114780.86760253683,120766.81209825994
2024-04-24,119097.70129696945,135151.92632080743,115184.91479614047,114682.11370750231,120741.70995214778
2024-04-25,118801.52052471445,134638.50254023372,114917.1313302058,114607.87432506247,120420.72787136339
2024-04-26,119641.94727573036,135914.07139797648,115699.37524676326,115323.47059451236,121417.96388265747
2024-04-29,120251.41389576152,136395.40775536952,116279.08391421929,115768.61830601848,121937.6403294866
2024-04-30,118538.07467058997,134234.7128730009,114597.80789493116,114031.25419397267,120098.27785537238
2024-05-01,118691.86640163211,133798.8441191484,114701.42235791689,114216.84307015591,120044.58207678437
2024-05-02,119921.3506993383,135050.33698880445,115915.44340102236,115318.6817038531,121304.71915054473
2024-05-03,120995.85204840978,136724.3184319532,116939.28384209976,116271.38361465398,122597.4839501551
2024-05-06,121684.12661389257,138136.24008095163,117585.40336872028,116870.57609226805,123430.23724120882
2024-05-07,121826.34493005041,138288.65742520007,117724.175442641,116928.52614905771,123541.56435753345
2024-05-08,121504.68928838041,138302.02093243794,117403.44466868138,116661.04773830443,123311.68589012002
2024-05-09,122417.55815437503,139098.92113229865,118242.29450192949,117431.15085313146,124055.4192910066
2024-05-10,122506.2951161111,139278.11551038868,118331.30981348995,117476.98553550846,124160.70774406803
2024-05-13,122572.42343111549,139296.78940696563,118396.83074837235,117577.38076350739,124257.20239569923
2024-05-14,123295.96030288893,139935.911853873,119078.43082826151,118234.90613632789,124955.91913043683
2024-05-15,124767.75086671358,141668.7327443611,120490.32899946201,119584.73100969986,126465.99559201856
2024-05-16,124529.12761030994,141377.2532265411,120249.93805682153,119379.46272026094,126211.00915559832
2024-05-17,124817.4384245881,141580.48190991304,120554.08709678739,119599.77509061249,126400.70435040584
2024-05-20,124831.53070560751,141743.62840813227,120536.6578343579,119558.56693769872,126538.1553864915
2024-05-21,124818.82387769483,142091.24632753673,120488.50455272345,119490.73925170688,126572.01994512686
2024-05-22,124130.34079865128,141682.12126128192,119813.81776694329,118850.66936896674,126009.45954893081
2024-05-23,122955.85639251755,140647.2205822357,118656.29895999533,117795.21629925462,124994.14146982205
2024-05-24,123497.15687468379,141577.81421040205,119176.86896442274,118374.63502777356,125697.96484788784
2024-05-28,123316.10101246096,141676.769189138,118946.43881403586,118152.49067761507,125617.63956340346
2024-05-29,122100.46374799262,140684.66841412126,117774.23138764067,116966.48218490081,124479.66117065861
2024-05-30,122382.57534777121,139751.382076761,118007.3060763228,116900.63093649078,124323.09556299284
2024-05-31,122845.6641458584,141024.26656187078,118452.21395135128,117344.7947891704,124796.03053958793
2024-06-03,123543.68746887201,141139.26108391656,119115.35244061143,117904.25723783152,125358.32138335805
2024-06-04,123521.22844524482,141297.0388368699,119077.13503476449,117963.51335911198,125435.82830066279
2024-06-05,124700.57754217432,142976.37235216258,120213.52971733478,119121.03441275131,126822.50913036636
2024-06-06,124921.0028361016,142973.68797952964,120424.50730429907,119270.72170588936,126955.0871685561
2024-06-07,123511.3032065991,142799.88735638838,119078.33252587193,118076.11448868123,125940.8343510274
2024-06-10,123806.5633459278,143241.1248555068,119328.09015605197,118323.33247241146,126258.90654481975
2024-06-11,123891.19136999118,143586.05840227832,119410.57081710946,118513.45206510616,126465.87101285197
2024-06-12,124917.16107118884,144765.33164423518,120416.34490690792,119545.94091864278,127606.87723496417
2024-06-13,124937.04946025828,145056.8278351771,120414.1848122786,119713.57228762838,127736.50382400022
2024-06-14,125142.87274883066,145145.09534274714,120651.26792307192,119957.73404887352,127943.41955021415
2024-06-17,125333.46431203466,146300.27592349533,120845.41821841737,120350.49676450255,128506.46321240572
2024-06-18,125901.11804194348,146671.98650410844,121426.46137040285,120760.86708725193,128936.44838198964
2024-06-20,125757.93418353733,146273.56558214148,121228.84946079356,120393.43953831012,128585.93220183376
2024-06-21,125343.69352770006,146077.45632183953,120795.56724695508,120087.77486526343,128243.10937455016
2024-06-24,125469.46117435768,145602.58913576065,120895.1420339106,119960.90326709645,128023.23856964805
2024-06-25,125486.68480366956,146163.27288048383,120921.5715101359,120045.57517882745,128327.28737671279
2024-06-26,124937.9090010429,146345.71018079194,120378.99693288509,119613.55613180395,128000.49114418804
2024-06-27,125434.96192224041,146576.44951537097,120844.77683166978,120041.80090566509,128406.56160478349
2024-06-28,125135.72898890855,145999.6595348502,120480.04788498714,119646.37109655059,128006.94685504706
2024-07-01,124944.53047535874,146300.10919227588,120277.19913097173,119535.40569192902,128038.4695173958
2024-07-02,125536.03095042746,147284.67371617406,120836.15906682296,120210.4390560136,128785.87677058303
2024-07-03,126570.29785070037,147941.94485631716,121843.47286168311,121093.72100362461,129732.42046293178
2024-07-05,127432.62212537366,148795.05848681112,122667.9979542858,121909.91564232629,130638.19060337539
2024-07-08,127297.23542061275,148966.74162346552,122544.07355987676,121899.44794904448,130631.17570895732
2024-07-09,127262.55275695607,149111.59770691252,122498.25280796843,121934.50119324817,130640.2677148965
2024-07-10,128164.02633034863,150587.1023064433,123320.7000044908,122837.6689822891,131686.86241509765
2024-07-11,128771.93873567098,149288.66626195473,123909.21683004442,122710.37658293107,131388.530981942
2024-07-12,129427.40643273553,150230.31416996976,124553.2417325314,123275.10444860902,132088.4468049306
2024-07-15,129179.18599362572,150643.44078549108,124325.69120424725,122985.12325943793,131965.0688962995
2024-07-16,130260.38886164775,151536.78665923522,125348.68234470232,123942.50496875304,132822.95577388463
2024-07-17,129223.82191161286,149412.06403746014,124317.34688785342,122988.69480819684,131311.8540919035
2024-07-18,128309.55076494392,148263.8861679283,123422.72909038681,122118.72803424158,130420.19899705164
2024-07-19,127383.34340544042,147279.30497090818,122517.84756080392,121317.64298476638,129515.76158760449
2024-07-22,128269.9738756037,148797.72618632208,123355.1291322918,122167.60683268498,130615.61329643632
2024-07-23,127980.60544019517,148564.31915223206,123057.34850390108,121929.62752528294,130317.62470859873
2024-07-24,126094.23885905714,145197.51563813817,121263.09447283258,120287.74302200966,127946.51653200979
2024-07-25,125507.62443210786,144440.9727299422,120691.9197114312,119706.39932653618,127211.99163302565
2024-07-26,126817.6019383187,146058.665713409,121954.24180652884,120947.17821458896,128524.68755066606
2024-07-29,126866.70576897718,146144.49894517523,121983.92042896066,121012.02375365574,128578.08271534648
2024-07-30,126884.16894343833,145404.07894589886,121968.87628369762,121207.65933752978,128285.29404159135
2024-07-31,128632.99143944347,147767.57734702984,123634.4102345264,122305.0586940294,130169.15947778612
2024-08-01,127518.82732013267,145675.0171774842,122568.53285324568,121753.062755523,128773.84494088788
2024-08-02,126770.93756816829,142962.80043090048,121834.9610007125,121682.0336675713,127665.10480091737
2024-08-05,124373.41218925577,138799.1800825556,119533.05809623814,119655.3583817511,125037.36417245175
2024-08-06,124673.70061209354,140078.86720141844,119857.68338010316,119511.92168107747,125482.92312458297
2024-08-07,124373.9459213929,139142.5713655473,119545.2458269299,119110.48190814503,124983.21345306857
2024-08-08,126187.58104168635,142359.18339717222,121288.97560738852,120291.07861789808,127026.96555046961
2024-08-09,126752.94929731736,142986.92643835302,121811.01954894223,120797.49702908662,127583.60989926025
2024-08-12,127056.67495897175,143062.07219895333,122066.57567674523,121021.76420669466,127831.27640007056
2024-08-13,128459.90252845461,145414.79976330866,123404.22319460257,122081.85131669219,129509.89080862947
2024-08-14,128529.09763296256,145873.54404046797,123448.76746278205,122216.30616079256,129649.72347843224
2024-08-15,129506.47768417564,148373.8454071471,124393.40170700368,122796.7605477161,131021.04735915367
2024-08-16,130303.12624829054,148706.52420929,125165.47752199536,123469.57611523716,131630.7269337865
2024-08-19,131240.0500814213,150128.35802928396,126071.51612749339,124216.64314973648,132695.2194267942
2024-08-20,131158.03223985265,149884.24685090606,125964.5437713364,124242.09387388294,132569.65109550525
2024-08-21,131619.47045650255,150399.31293399123,126407.04663462099,124597.74610317775,133060.72763620014
2024-08-22,130596.38144036781,149218.90591974222,125427.8898119673,123676.54585007475,131900.152238967
2024-08-23,132259.91458913824,150804.3864316137,126996.88903827223,125203.08944995845,133481.34671492546
2024-08-26,131817.04874742884,150444.9305956292,126554.85438237453,124837.49751914303,132941.33627785425
2024-08-27,132038.38520081516,150651.5105765118,126750.02315355382,125021.10128040386,133178.03274745756
2024-08-28,131386.23598840582,149776.92196495435,126088.45069419692,124443.222635205,132409.52257496677
2024-08-29,131430.44953991217,149790.34382811902,126102.21363542379,124483.11068719617,132415.57754813522
2024-08-30,131711.52880508066,151220.2307660118,126375.78186254074,124707.64311845531,132992.57248164417
2024-09-03,130417.53134043889,148108.27592082758,125049.89749473192,123264.80851760687,131035.00109662685
2024-09-04,130592.53090937047,147805.125217647,125227.90244141888,123322.30851539999,131031.17697351133
2024-09-05,130826.21643144776,147445.63603541863,125433.02293595872,123511.18619510953,131163.1263453379
2024-09-06,129346.75302762118,144964.10860404812,123980.35697941716,122273.25755814413,129360.09125590647
2024-09-09,130390.3836559526,146587.15365965883,124966.59313267875,123163.18626030466,130498.55945526547
2024-09-10,130860.25630598456,147225.6508644933,125377.59260689735,123614.95432664567,131023.11454820886
2024-09-11,131555.86405848077,148736.00228888646,126051.82601091839,124005.33344407968,132007.8674090604
2024-09-12,132430.68769333017,149988.87069110284,126885.58110120898,124664.68522730768,132918.80335236303
2024-09-13,133135.69853682382,150772.2239793843,127552.19576325589,125390.68661967036,133604.51561204102
2024-09-16,133524.43674603608,150994.87684982063,127897.03683518275,125779.03111490869,133855.90885593317
2024-09-17,133180.8705435801,151056.58407413433,127575.32309876704,125314.40464308605,133579.32222193756
2024-09-18,132607.95611145094,150608.57728750678,126995.06038438754,124805.73547747397,133065.30932233876
2024-09-19,134245.1947386907,153178.62232327645,128552.27990725645,125849.91426746364,134917.66077402182
2024-09-20,134087.45467887484,152913.8531468103,128342.29349670504,125733.5126698931,134705.60712028472
2024-09-23,134499.2225770248,153295.9677555163,128745.93358798767,126071.67696252308,135076.0178843093
2024-09-24,135558.32961536938,153734.58757448956,129712.00510101712,126938.24715910367,135894.05635739994
2024-09-25,134969.84622514658,153395.52296664222,129125.44434394919,126396.1571062251,135456.40063992917
2024-09-26,136153.16441564247,154003.69176266107,130342.51499751904,127276.39161271426,136499.17673339875
2024-09-27,135915.89085240854,153780.3052748592,130094.0038716616,127012.21404063102,136186.68650729337
2024-09-30,135601.94923561747,154396.56053502075,129819.13983594291,126661.05079099872,136082.2844981667
2024-10-01,135392.36457944513,153013.4083579362,129643.6902076897,126561.1576746397,135498.4343279804
2024-10-02,135525.6720124828,153077.9833592242,129783.34685945189,126752.21999299192,135622.87899165085
2024-10-03,134756.99070287702,152798.14168052093,129030.63115427713,126108.8535219657,135032.526272679
2024-10-04,135023.70994628698,154186.64592974941,129309.48237310027,126487.56159722386,135669.97789366578
2024-10-07,134330.9055748204,152792.73958901115,128634.49915477994,125859.77550054682,134843.3514616084
2024-10-08,134277.71118360249,154237.79906787272,128528.68441078994,125566.15836636517,134960.78886759726
2024-10-09,134259.66645684032,155306.09601017222,128525.3664018255,125653.18938555745,135023.10402353702
2024-10-10,134123.59208068572,155034.30744936777,128403.59398867252,125648.86584438963,134911.12092811236
2024-10-11,134805.6306028298,155962.68355231563,129079.74615541862,126348.34123203863,135494.7448524136
2024-10-14,135159.8627794915,157238.21072725352,129409.80978187436,126665.54381594413,135903.83965537103
2024-10-15,134627.24359314595,156016.52106307185,128901.55988877462,125723.50697105414,135302.4030360685
2024-10-16,135245.86629760306,156694.65027876652,129463.01484898504,126245.78851857693,135846.248325284
2024-10-17,134909.63861520495,156708.07214193122,129133.89912856417,126143.35343919447,135532.62353791163
2024-10-18,135723.24478350306,157310.88886580616,129890.7055663111,126999.0798450995,136291.01930478914
2024-10-21,134708.78569839467,157052.53884128833,128858.65802806415,126318.72799008733,135372.36368794015
2024-10-22,134785.03579209448,156969.106539082,128923.24440344637,126507.29049597362,135471.42357741078
2024-10-23,133927.00600200627,155534.834570118,128077.51755633131,125477.11160040165,134476.49183274066
2024-10-24,134488.7630113296,155871.2148053324,128596.47937437365,125978.8167191909,135060.40459216692
2024-10-25,134278.877317404,155817.37729457614,128375.8104141117,125875.20792310068,134903.39605151166
2024-10-28,134592.4245481293,156299.08046065195,128664.68731561089,126101.11724689552,135144.6873566925
2024-10-29,134761.02324878762,156552.01172053808,128826.13361416674,126516.74870562358,135452.28196922631
2024-10-30,134496.2320429276,156078.42836484886,128590.2006256107,126306.07236130165,135219.330492515
2024-10-31,132965.78347180662,153018.79377632402,127118.83838404185,124409.25267172532,133560.65310383416
2024-11-01,132722.37929317896,153664.61048169178,126887.67627824444,124240.51822084631,133342.83911107556
2024-11-04,133253.34192049186,153333.6156648652,127350.69330718514,124584.26570760702,133832.28784766005
2024-11-05,134453.60652257616,155187.70017124995,128475.27325020765,125581.8197833159,134948.72915668951
2024-11-06,133578.50866190923,159046.54418702473,127459.14287786778,124629.25561915465,134404.04067434496
2024-11-07,135342.4768243591,160276.30364222714,129116.10487137816,126169.46360225893,136052.5888418907
2024-11-08,135164.45787427705,160970.57243996335,128874.92647181604,126009.24530119076,136110.93250251815
2024-11-11,134463.90598329963,161123.94848872354,128219.6794060674,125378.62923835186,135508.7688491385
2024-11-12,133053.46579067464,160623.43804109524,126875.31597238855,124296.75398002547,134257.46689281764
2024-11-13,132605.24923257588,160701.4849249138,126393.07924969497,123984.77632925812,133809.00086759735
2024-11-14,132194.00221035225,159668.15151933025,126028.39627165752,123472.72405160229,133408.72448577042
2024-11-15,131462.41662226772,157623.00970859252,125284.98768032074,122461.23637286224,132470.78860328195
2024-11-18,132412.85893963726,158268.8430870822,126190.76286351391,123244.84985645418,133306.71317857623
2024-11-19,132892.72141270156,158847.3837454071,126634.61147263048,123699.12804827598,133818.4671326274
2024-11-20,132839.87949682624,158901.22125616332,126573.14067653204,123632.8659541902,133751.94811317287
2024-11-21,133213.05641016015,159754.25152104755,126919.79281536554,123975.70227616871,134121.48411638718
2024-11-22,133705.1033928904,160249.39322341,127355.16809690859,124360.82568492128,134539.91216664764
2024-11-25,134122.10834236268,160792.97034501893,127733.15070202328,124750.62899905056,135089.25168123576
2024-11-26,134136.11752096828,161632.54540049456,127721.57774205542,124837.64287808184,135140.7874261789
2024-11-27,134379.2576267984,161142.78911651997,127939.5372723256,125011.93776850175,135331.67070426172
2024-11-29,135159.5284381322,162143.82668489852,128647.15554339782,125624.86070314902,136173.71374143485
2024-12-02,135127.6410419967,162434.45587349936,128663.31298884185,125647.93035692761,136245.81509724507
2024-12-03,135120.9294156789,162509.801711563,128607.0550647993,125585.10458872895,136184.40874348505
2024-12-04,135717.43303884796,163518.9090709623,129176.97350428313,126198.94441035655,136918.05850946123
2024-12-05,135691.52315009656,163249.80488279078,129139.6333045266,126086.92872195019,136837.32679168312
2024-12-06,135880.64468704836,163559.27469918804,129302.53658958273,126277.26913270845,137080.8701076961
2024-12-09,136037.55476810812,162716.9985979575,129448.63285191683,126059.05048104968,136880.1903646987
2024-12-10,135406.00817143964,162211.08605881943,128816.38897482351,125450.09920038951,136357.06018109142
2024-12-11,135981.94834656504,163465.10490644994,129347.75946634602,125956.47828236986,136928.53493778815
2024-12-12,135021.40080309243,162622.8288052194,128441.54148286485,125038.200010372,135926.61360846553
2024-12-13,134642.0779179727,162590.5496411364,128069.35506962142,124680.38499707062,135521.20513723764
2024-12-16,134872.7657432434,163284.80176575063,128308.645835175,124908.58882649668,135877.43205704098
2024-12-17,134521.16539267657,162612.05796844378,127942.24838942866,124477.54133841005,135515.2297148436
2024-12-18,131210.14623470357,157765.6649399429,124797.48241495066,121211.60889180953,132231.7265748063
2024-12-19,130639.21667882349,157717.19617445252,124237.12738864466,120697.7965736013,131643.9852486885
2024-12-20,131639.30631194846,159611.52959720936,125191.37443278977,121570.6027422303,132637.62794328888
2024-12-23,131890.91509788038,160567.33298575462,125392.48304936911,121863.48240526087,132840.92377821
2024-12-24,132671.68018655802,162352.04063173156,126111.37572920957,122679.52256810995,133695.85964128314
2024-12-26,132871.1078396632,162362.86148787304,126304.41934855348,122815.64551798723,133864.3484836507
2024-12-27,131903.33937410326,160653.73310366695,125359.91225572416,121875.86802111038,132846.66559014798
2024-12-30,131276.31657800826,158820.4233072241,124754.07685842311,121071.72537298735,132209.2740796719
2024-12-31,131177.91957954562,158242.63293938668,124659.67286208915,120854.46643278765,131969.59902759286
2025-01-02,131187.70302173027,157853.83240878125,124691.5137041265,120938.0720304197,132043.01111643447
2025-01-03,131945.08906877655,159827.52989199018,125374.47750999087,121593.4117204408,132742.25186250708
2025-01-06,132168.44867482703,160748.219685722,125576.49292435627,121880.49944122843,133062.22367103974
2025-01-07,131252.02462280405,158931.11616380844,124727.17004476789,121065.44493155974,132055.64273170833
2025-01-08,131347.12653427172,159163.32273311855,124798.34817402299,121178.53152457015,132178.66161772807
2025-01-10,129872.44787490266,156733.3152485541,123343.12411057498,120023.2690685758,130833.39508804335
2025-01-13,129717.27284780427,156976.3260008837,123151.44180875801,119758.97021382973,130645.65095530402
2025-01-14,130192.55716152894,157192.3262956645,123552.18982878368,120151.13311122505,130986.89534953696
2025-01-15,131922.22583027638,160051.63332403568,125199.3373208504,121677.52348413171,132813.6453886741
2025-01-16,132367.17755899654,159743.84749295475,125608.77868827671,122066.520996135,133102.45140264035
2025-01-17,132954.60127240766,161347.65176584243,126115.09987063475,122452.9089677138,133712.13567186016
2025-01-21,134478.78152430477,162824.5569076165,127585.91053726044,123875.61145291093,135124.15686355598
2025-01-22,134443.9999725965,163739.8779560824,127539.3908349255,123885.49722208576,135182.16442906077
2025-01-23,134738.91475678934,164633.55729226538,127793.85832250994,124167.82998399549,135407.88496927224
2025-01-24,135056.31219467815,164152.95455223785,128077.70048200512,124475.42520139723,135652.5454879851
2025-01-27,134281.0123451764,161830.95555162476,127368.64022299719,123756.83451874381,134866.39091230006
2025-01-28,134700.40982131913,163221.46057548648,127785.17552376473,123998.40378052118,135332.71149375683
2025-01-29,134263.06769775212,162489.76061898665,127370.0482012104,123595.08945547577,134928.22181537835
2025-01-30,135455.79412329703,163361.84826225252,128494.04498838387,124721.812013809,135979.89612768285
2025-01-31,134841.39065541475,162492.4616647415,127902.49489256594,124197.41749383831,135381.18255967158
2025-02-03,134443.52229438405,161398.95496206312,127530.69475006907,123880.9850439917,135048.534482119
2025-02-04,135542.0068280301,162481.67415484393,128565.23328538181,124916.38633972449,136091.52558409062
2025-02-05,136476.71729556713,163140.4625490839,129465.21838512467,125732.91389674277,137055.43881644003
2025-02-06,136741.71967071897,163707.46540702373,129683.90156991618,125828.59296098935,137271.46916260236
2025-02-07,136002.911479274,162208.9518992106,128971.2183833572,125238.77711831473,136472.97990986047
2025-02-10,136907.50731875337,163310.56173915364,129826.34306232532,126187.54270567128,137334.23849847887
2025-02-11,136790.56159158945,163434.75982451235,129703.0925862755,126065.53181460357,137170.4519548961
2025-02-12,136494.74668268082,162908.2559797738,129405.28087850289,125891.728829848,136803.41324267237
2025-02-13,137935.97732579758,164628.15520075551,130784.87702929642,127177.45099513713,138282.3550813516
2025-02-14,137941.60924265266,164620.08540973475,130809.63286329345,126912.91793184119,138294.61878666168
2025-02-18,138408.69187628204,165103.38919551714,131266.43365827925,127472.30221297978,138633.1848231305
2025-02-19,138306.3070306629,165492.17305300062,131114.81063809825,127232.4571435983,138538.9157345779
2025-02-20,138567.33261548288,164803.67315545696,131386.76120722323,127472.1685916735,138692.64057055826
2025-02-21,137744.39622575024,161984.84846716514,130614.78285084762,126802.04998667429,137918.51013222418
2025-02-24,137420.3439788458,161247.74641915556,130291.19737538647,126575.06183518522,137634.75563654065
2025-02-25,137609.92365810898,160445.83594615076,130512.77496101637,126672.34826549786,137827.30458710276
2025-02-26,137933.7347122975,160526.85064567527,130806.2949224715,127006.99258761511,138168.54594928416
2025-02-27,136301.0834487307,157964.50859224357,129273.08179001184,125578.7618093285,136509.36301298896
2025-02-28,136931.94616472474,160429.6463447434,129791.45160714955,125977.65074250326,137323.60572810526
2025-03-03,136645.8871587059,157618.92479371623,129514.47376298945,126058.216207138,136992.49321043066
2025-03-04,136270.29353371242,155753.21912133673,129135.60663546094,125585.96105485564,136432.5769867616
2025-03-05,137689.12777238246,157427.23391072938,130499.35430279866,126841.60590764793,137590.2062961034
2025-03-06,135973.47781258787,154632.70196110956,128871.73923816804,125348.00760721005,135939.3391297386
2025-03-07,136539.2500388944,155499.40418598763,129398.94844439934,125887.30897397915,136458.96403183634
2025-03-10,134413.41799503242,151357.58394458416,127381.93269167774,124032.80226567456,134419.84030385216
2025-03-11,134137.26687426798,150099.38014334577,127134.90848015355,123762.17005254245,134057.4584321739
2025-03-12,134567.79241277,150895.87185171887,127533.08005341602,124058.50743115378,134445.1387100076
2025-03-13,133881.07363682604,148884.3597279416,126839.00063701704,123769.18042691682,133886.1664747012
2025-03-14,135574.35697483446,151959.6837242155,128495.5173529533,124858.44958181787,135343.11139337812
2025-03-17,136800.6978528689,153131.50408066352,129659.47431004173,125975.05375239515,136421.60226193973
2025-03-18,136332.38868460406,151476.37993843312,129228.18954070327,125869.74430544516,135985.64403452724
2025-03-19,137129.03546344428,153126.10198915377,129933.96263195365,126452.30561154091,136831.27994227267
2025-03-20,136673.13547684846,152683.29721657265,129466.42869044124,126023.6569147531,136430.9106048854
2025-03-21,136092.15294727014,152733.6667179646,128857.99940474522,125344.86384622077,135891.1452189838
2025-03-24,136905.5587448658,155468.8756997087,129585.18330418924,125690.55041470373,136575.51086926577
2025-03-25,136961.55133041478,155842.62040119898,129610.16048923974,125709.91985682036,136704.15544042975
2025-03-26,135987.88073070455,153982.13341598786,128672.80802012487,124842.35877959726,135638.06976519022
2025-03-27,136069.65828111232,153573.17508095247,128748.23939861821,125129.29663770166,135688.5849163313
2025-03-28,135120.01707732148,150480.49436473518,127801.51257893219,124543.45594289225,134829.06404603107
2025-03-31,135641.04854804146,151490.63545769503,128263.11676101037,125350.76715190489,135436.20002710936
2025-04-01,136065.01028627544,151918.5177861365,128624.09263944376,125531.31087732335,135864.39444125237
2025-04-02,136521.12980261908,152879.90667053292,129029.04325981303,125869.48803101222,136295.07931620692
2025-04-03,133228.16554643158,145345.87307719336,125736.14491789872,123615.40903877797,133200.8195967616
2025-04-04,128025.32250702578,136836.88701475618,120777.18307045833,119824.03479799806,128602.14178447609
2025-04-07,125669.77983340531,136593.15098162202,118570.68017764282,117193.66967821484,126343.40212354006
2025-04-08,124161.26974312222,134453.7226662926,117137.97243063174,116031.0989555639,124858.71314538954
2025-04-09,131934.74135909777,148573.97288983752,124522.56035854506,122333.324824777,130405.70148526838
2025-04-10,129203.51813770304,142063.60229135412,121884.36392283377,120243.49577291786,128246.54375700824
2025-04-11,131342.60328656822,144598.43369357867,123859.30252709746,122291.1936197996,130014.61978156111
2025-04-14,132383.69844814652,146001.22680831293,124833.99319773352,122946.83346611493,130789.83666045443
2025-04-15,132730.02587973844,145592.2851463995,125153.36146713863,123299.65470829004,131209.0224819771
2025-04-16,132222.6263105881,142356.06552336877,124707.92779811811,123345.83615075429,131683.69133271248
2025-04-17,132674.49528500115,142559.17749488706,125170.59570956766,123573.67340952424,131683.14072047864
2025-04-21,131554.80303677247,139165.88039002463,124265.83048638294,123309.78877497195,130966.45321529094
2025-04-22,133243.26698943943,142786.68224380902,125896.71307575566,124121.06696408625,131864.07540488776
2025-04-23,134014.5070219642,144999.20552573967,126681.11378499388,124063.78441852015,132076.08138337047
2025-04-24,135888.4502940085,148051.287190024,128441.7178936837,125764.87440865632,133786.20757963246
2025-04-25,136169.1699476682,149121.01802081065,128672.35341909157,125818.18180250986,133971.5070710988
2025-04-28,136778.8377772223,149177.89003976065,129205.75414882458,126490.15153839318,134786.01967080098
2025-04-29,137195.10216595224,150117.60386563023,129537.02346125843,126738.98377879124,135117.94229893983
2025-04-30,136924.89099154345,150177.17693033512,129270.2279200121,126415.64585076815,134578.44086378012
2025-05-01,136847.27695297127,151241.48899649005,129144.42941662269,126199.93499924055,134075.48930399364
2025-05-02,138279.46225497194,153486.5415393329,130478.09030335666,127533.98452052037,134689.84165579546
2025-05-05,138613.08903569877,152606.38410504625,130792.7841509481,127904.23077703554,135190.23449072146
2025-05-06,138612.56973041492,151330.85693010833,130791.2350104094,127917.417387336,135668.12507131638
2025-05-07,138344.0478513937,151967.26999469983,130503.33111851382,127421.97735935777,135371.27445257964
2025-05-08,137965.1934172501,153026.1466231011,130123.99844862113,127047.9060937156,134509.0130285472
2025-05-09,138409.3332648548,152831.17113509134,130530.50156282156,127517.85752495803,134966.72440425138
2025-05-12,139756.6391054749,157881.84325364657,131777.7693023533,128969.05854579141,135277.45326756794
2025-05-13,140003.01495615262,158924.46358815272,131999.74058556734,129175.28910657416,135345.5305944883
2025-05-14,139458.29271867307,159127.57555967104,131484.0367350622,128910.54985211958,134500.3732273562
2025-05-15,140528.37632886955,159904.82648532107,132526.92783731243,129651.91623653097,135658.79886139208
2025-05-16,140818.23378868005,160917.66862403578,132756.7639723492,129976.85519035628,135807.17784686034
2025-05-19,141230.6521072069,161093.7034455175,133097.90452373392,130327.84883914585,136166.41394852666
2025-05-20,141266.66622569846,160552.06040605405,133125.95551867888,130177.93867344542,136226.97117578168
2025-05-21,139814.727234827,157846.62962010142,131667.93223371,128717.8594626244,134786.21167585632
2025-05-22,139679.84377571635,157908.92040368312,131505.47849797725,128606.251710601,134711.96887321575
2025-05-23,139919.94272501898,156831.08643563182,131647.86366906393,128521.48339326734,135141.74205984705
2025-05-27,141266.93583344726,160091.68216294426,132935.6998887853,129848.03508224442,136203.64655561373
2025-05-28,140657.21058378468,159165.49023897102,132353.96666337756,129165.95430968369,135635.134172541
2025-05-29,141356.3146432125,159793.78349317596,133031.80500064758,129696.27330002634,136407.99634832828
2025-05-30,141045.85818289773,159615.06429906128,132696.00685582292,129368.42479329364,136175.6931334838
2025-06-02,141925.96532333718,160514.1790729979,133488.19624315997,130283.57222708852,136876.41386825606
2025-06-03,141883.5264177395,161429.50012146385,133410.15119348594,130283.78760152223,136670.23095902815
2025-06-04,142713.17242642073,161386.1833506541,134169.53399173217,130872.47510351657,137656.9868206094
2025-06-05,142442.93046754986,160606.2147061272,133899.39789277432,130534.87126240706,137368.3371788604
2025-06-06,142538.57297017256,162255.48658255537,133987.28145119693,130836.97336023167,136988.38633745493
2025-06-09,142866.40945087728,162401.72653512366,134293.96249405938,131159.7083247627,137274.76069950077
2025-06-10,143504.3338311514,163322.51636758714,134898.1697666345,131748.4915324751,137843.2285577449
2025-06-11,143488.20217180677,162856.68601360175,134861.76188865476,131709.20055842792,137960.55698944515
2025-06-12,144314.551686371,163503.91993433473,135635.56372042696,132385.885745697,138989.97213542
2025-06-13,143201.59199892986,161675.94553691387,134600.88845582295,131281.19893860735,138212.5438139042
2025-06-16,143521.87972054727,163214.17442119692,134940.03854108023,131499.95705384348,137872.40392708595
2025-06-17,142881.42354839027,161819.4844437273,134329.09363166304,130797.90464632116,137804.39964973458
2025-06-18,142926.24637633405,161795.09166632366,134361.25770475005,130781.92271826154,137800.09459826106
2025-06-20,142551.59411891003,161415.11121722643,134026.05270030216,130453.40418977298,137535.5198540645
2025-06-23,143604.69493523054,163009.49517621586,134984.7366824371,131335.03949465914,138359.60871314944
2025-06-24,144706.0581776791,164810.29238486846,136072.1012507457,132259.43417451714,138917.99741301974
2025-06-25,144316.8201345366,164902.64480731467,135720.86309548892,131779.05683273054,138605.17014803522
2025-06-26,145054.6601354535,166192.81098331916,136386.92053907242,132438.97628721522,139167.35345444133
2025-06-27,144891.39453159072,167018.51400133764,136224.9738283291,132364.33527855712,138660.58193638633
2025-06-30,145743.76913198936,167817.07317683173,136970.0028931028,133042.49167187992,139657.842206166
2025-07-01,145905.49085757125,167762.7521455391,137100.26852456207,133017.27799063805,139948.48327334714
2025-07-02,146309.3458676321,168523.26325675767,137462.67557782348,133375.95807509107,140107.90410075555
2025-07-03,146499.98834626641,169851.46082391578,137614.5383997703,133671.1822511644,139950.95095808187
2025-07-07,145388.79910243236,168585.73744468077,136538.05918120072,132624.21337697367,138994.22975323445
2025-07-08,145371.44444018937,168493.40169535647,136516.5317364482,132631.28601422568,138764.26018008418
2025-07-09,146051.07973453292,169503.79288514543,137141.52477397883,133224.13310440216,139562.03203501579
2025-07-10,146262.92110062976,169981.84463751555,137309.6629085643,133352.0298581108,139736.91795580133
2025-07-11,145824.57588427217,169384.27994705288,136810.01113819669,132881.61698393288,139160.84137548876
2025-07-14,145978.484115448,169707.48841593173,136960.03639140358,133052.08102326724,139283.8785954474
2025-07-15,145331.56826138124,168982.29097698996,136365.7603997771,132547.4028266546,138698.86452845964
2025-07-16,145906.5066429026,169547.2430409307,136878.51575618584,132987.32958994008,139157.4392471606
2025-07-17,146271.59106550532,170584.81141948793,137205.056679731,133449.41658250487,139554.8536203053
2025-07-18,146287.4464602938,170459.87971676368,137205.36579658554,133372.39583392572,139554.3822581885
2025-07-21,147177.79700522515,170783.1048587645,138017.02088004028,134020.5691467559,140333.26945469403
2025-07-22,147831.40595154543,170807.54765553397,138569.19308542513,134277.117179112,140758.59979925727
2025-07-23,148432.81790221826,172260.69359853826,139087.61400798542,135031.13901452647,141335.41801126752
2025-07-24,148006.8818806557,172317.71567558576,138665.593060362,134716.59955855887,141013.92442391996
2025-07-25,148009.9825823135,173045.6475065263,138626.2752695572,134779.86304456327,141130.52151085023
2025-07-28,147096.86495055302,173002.197350741,137833.68032149825,134074.51059391812,140438.7111741107
2025-07-29,147658.1651416581,172545.87067626353,138370.55781376146,134345.01166795645,140888.30087979496
2025-07-30,146677.48545292523,172328.58655109306,137467.0629530542,133555.7804106278,140100.4981402262
2025-07-31,146095.81220583455,171682.15294021336,136949.14809798202,132924.98705851543,139623.75873516023
2025-08-01,145839.55083951147,168868.1968035291,136632.6072167689,132179.3253312563,139208.56618755095
2025-08-04,147288.462423336,171434.95723427585,138015.01298384863,133362.19853855055,140553.29756942196
2025-08-05,147267.06806589986,170565.7873873501,138001.7980769937,133320.32730895252,140456.1225414255
2025-08-06,147577.35583509417,171872.27654973746,138287.66362275477,133529.79721366454,140782.72150448197
2025-08-07,148103.57872241928,171728.3041417535,138726.4255220504,133945.91966104868,141159.6520841364
2025-08-08,148284.39285748676,173067.3725844189,138859.47816345736,134108.3370666332,141421.3899775119
2025-08-11,147694.46271636896,172725.14008340225,138239.59691531814,133634.88613309368,140953.44061098632
2025-08-12,148609.47045662793,174563.9853563304,139092.808567447,134443.38095186884,141759.69402264894
2025-08-13,149450.15306504263,175161.53337367112,139848.41156886177,135099.55303900535,142466.24953928665
2025-08-14,148771.36481378018,175177.82301381015,139196.01727856527,134528.52343072297,141892.85131485126
2025-08-15,148776.63377386823,174767.6975602387,139198.2219236833,134479.3321127909,141758.93166410562
2025-08-18,148598.6626263214,174729.64949596315,139011.61547797194,134342.91502777688,141596.6396096607
2025-08-19,148417.4440985207,173781.7158209753,138832.2928005283,134034.87591573806,141336.92906823332
2025-08-20,148573.2816320817,173319.97038186612,138964.46492039657,134088.3588982117,141413.50739306858
2025-08-21,148008.83266029952,172624.6345043255,138422.2810527581,133553.3910426774,140849.58911219065
2025-08-22,150068.4176907731,175275.61087401,140298.28043587995,135362.4980946849,142703.72630836643
2025-08-25,149332.665369668,174504.19554104024,139540.67559307598,134660.0404196264,142042.15074285064
2025-08-26,149534.8465096791,175234.86176397954,139692.5466984611,134800.29573595445,142269.1651656383
2025-08-27,149605.5897046982,175634.13301516563,139744.0645353074,134805.5278232574,142333.0324726886
2025-08-28,150151.62128181796,176256.1238292758,140243.6059069738,135261.3648603631,142890.826183937
2025-08-29,149737.6215234234,175204.9835294564,139886.8044680494,134905.37718208533,142364.93407348995
2025-09-02,149215.44308544428,173906.66419682145,139386.61200764767,134424.26078212456,141833.33367979596
2025-09-03,149975.39526225784,174849.16243405562,140068.7252064591,135051.81392446623,142614.09895731986
2025-09-04,150629.86949977867,176310.44486056842,140675.06042691958,135514.2558338313,143293.5634754315
2025-09-05,151673.3897710646,175799.81382792027,141613.38161200724,136412.61596610618,144175.56327371334
2025-09-08,152533.1484006961,176231.6810325063,142429.94724675408,137164.1254169756,145019.17220625753
2025-09-09,152455.94488950688,176639.1054403229,142347.1267491233,137041.14083190722,144899.2553456371
2025-09-10,152803.81314428643,177149.75314609296,142660.10107922793,137373.99531129477,145247.01807645985
2025-09-11,154049.10830766067,178621.90644811306,143790.5482903574,138249.5329784656,146266.4036416867
2025-09-12,153887.3756485641,178562.13330594485,143615.37091460556,138125.81495562883,146132.51155494322
2025-09-15,154691.13256085286,179512.7846998095,144355.79187662722,138932.00959421066,146915.2565940579
2025-09-16,154700.72127772262,179265.6223401159,144348.03661197284,139035.80506955678,146935.07471039196
2025-09-17,154406.80432131962,179042.90277719178,144066.9636683462,138624.6709322112,146605.5652317342
2025-09-18,154506.9196831353,179879.47667071756,144141.6970118087,138535.6713358012,146633.56072400327
2025-09-19,154664.78709327974,180770.3882686579,144290.3942759226,138859.7601681854,146890.5474471344
2025-09-22,155311.47999656587,181625.6193856387,144845.84163888835,139740.1394607088,147517.39819161018
2025-09-23,155356.925573025,180636.93660062045,144879.46757523663,139727.34135728993,147493.1424025152
2025-09-24,154581.54755886976,180062.21408722067,144142.45028713017,138977.6403448618,146807.1774032986
2025-09-25,154126.5856111776,179231.50913261907,143704.29986992726,138645.37388490216,146404.88120259138
2025-09-26,154750.71286338623,180258.34002064454,144291.500909755,139094.53300453888,146928.88981447718
2025-09-29,155663.71988436652,180764.9361577823,145150.8904719192,140198.2026553967,147839.04142287606
2025-09-30,156128.26231161025,181445.8497848416,145548.99047846594,140697.00346399006,148229.95560968373
2025-10-01,156750.32127100823,182064.13916588027,146123.43184863933,141282.240148331,148795.82864562114
2025-10-02,156854.51091036928,182273.83702056634,146210.56768345286,141478.52803405627,148948.06077781937
2025-10-03,157165.63595420562,182271.13597481145,146436.61383614183,141736.3538932749,149144.24659046813
2025-10-06,157553.89086714183,182924.8057206147,146805.91659536105,142412.87655938172,149573.61980910812
2025-10-07,157175.02243137464,182246.60981243226,146428.76197992166,141945.86225214307,149255.5449460638
2025-10-08,157939.8000115728,183333.36390072343,147120.5459416336,143025.53820603128,150096.0458677095
2025-10-09,156949.4281897775,182802.24160120648,146184.05067705436,141820.08379666126,149223.84123992067
2025-10-10,154802.71490626413,177861.49537562614,144145.73087302773,139480.27776082468,146358.87470765554
2025-10-13,156931.59288944022,180590.61866786078,146079.7902261426,141769.06321592806,148593.51597674945
2025-10-14,157115.52366235273,180369.9999183016,146253.70268062048,142048.93955057682,148591.401496983
2025-10-15,158404.01158714993,181170.7599458923,147431.8197215361,143515.89994516014,149724.18355845992
2025-10-16,158898.76439632179,179936.94892205755,147897.26256077702,144878.40047814278,150038.64124594926
2025-10-17,158951.05950584073,180958.32769920744,147954.32686372838,143885.57935487822,150085.2693667377
2025-10-20,160882.81594343207,182840.37303109176,149745.09050527384,146408.7397435253,152017.39625545728
2025-10-21,159225.92336753773,182837.638639093,148337.76194195234,143277.37081557984,150583.00421529336
2025-10-22,158962.82171982984,181887.08728396,148069.5871009326,143012.64044455293,150086.0043949298
2025-10-23,159490.992618355,182965.67154249875,148526.13792176155,143311.18893295003,150715.22910221465
2025-10-24,160083.9603063765,184460.96713777675,149058.40692188026,143742.67071865572,151475.28785384438
2025-10-27,160653.28981897744,186637.17636011398,149568.44729989496,144163.32169202282,152491.3724159338
2025-10-28,160339.98074640284,187132.8849486225,149194.4313804923,143957.32670623038,152506.6446555578
2025-10-29,159585.5957487921,187222.76974902104,148524.47437992325,143355.26983043112,152130.9308952743
2025-10-30,159099.99837136094,185163.67253521644,148038.62275417117,142705.52220971696,151179.4832747673
2025-10-31,159054.55838514707,185771.05769450395,147958.75577725336,142633.9568575422,151301.78380000585
2025-11-03,159216.36120172366,186119.69267434697,148092.96562848342,142808.47966954616,151544.41053363457
2025-11-04,157739.21131960346,183913.50517875495,146729.5360085317,141354.62360098632,149866.4551807273
2025-11-05,158289.70166758331,184550.8519381753,147195.83046048947,141777.44115100772,150433.5910884211
2025-11-06,157583.82192411664,182570.73530301807,146590.37102660627,141047.42675875442,149371.5038091065
2025-11-07,157958.80113785516,182750.48823069324,146912.66793367208,141325.61944078436,149573.2949843568
2025-11-10,159849.3720584065,185602.19231545806,148610.13408463844,143002.16177413793,151590.33467633554
2025-11-11,160426.53706722698,186027.0734819497,149119.08659991584,143468.77982056254,151965.5853615146
2025-11-12,160714.01398716724,186130.58022297625,149366.2490768789,143666.55627937624,152127.74366440397
2025-11-13,158865.23829582054,183041.9177291474,147686.78370135283,141919.74767084725,150100.4193114433
2025-11-14,158407.17406601054,183011.97280213647,147270.33870820756,141593.46341989303,149840.05677584207
2025-11-17,157188.0361524303,181306.94600592853,146151.91891347434,140391.05341359955,148610.98624708696
2025-11-18,156651.8121344998,179784.42320251648,145610.1524727804,139788.32450134342,147783.7959790822
2025-11-19,156564.89066495645,180478.95877020378,145517.81988266594,139734.45321940584,147930.94390750444
2025-11-20,155240.93000776268,177728.04370758872,144269.01174486268,138412.44666727955,146191.1954297341
2025-11-21,156285.1772395296,179498.42914181598,145233.22614253842,139212.39853393676,147229.4285802501
2025-11-24,157821.86550981438,182140.3853525289,146662.15759421274,140597.0839344604,149041.242504494
2025-11-25,158730.05807422532,183853.58197848924,147473.9327459595,141269.99433592314,149977.395438708
2025-11-26,159757.66102596922,185122.82338645434,148403.87734561725,142164.17643937547,150992.20897349934
2025-11-28,160354.41959936867,186133.29794185306,148930.5169146678,142749.30076918186,151681.10623206932
2025-12-01,159662.48732256674,185283.51893574785,148226.83118308405,142143.44801989975,151041.44602328236
2025-12-02,159777.3574837488,185626.7018047153,148333.2364443095,142086.79014542262,151310.0394964848
2025-12-03,160123.2647457346,186269.48400188933,148641.007970928,142328.83395775594,151666.64164558772
2025-12-04,160041.1835771993,186405.67006192557,148535.76906603822,142293.55009327937,151634.75787196218
2025-12-05,160161.2319120748,186759.74047952224,148620.77369259382,142332.41678176797,151816.11901825867
2025-12-08,159634.13671540754,186198.67325299437,148111.84204162104,141860.82556503723,151347.4845436071
2025-12-09,159606.0652585294,186037.9610305789,148047.74937742547,141872.3212717782,151333.91744622373
2025-12-10,160565.88394871086,187271.80540065753,148943.1502287323,142700.77895787623,152210.9930480239
2025-12-11,160845.8385886879,187707.57411577838,149211.52461871607,143014.71472596462,152401.6322863997
2025-12-12,159761.74526164203,185689.34272385782,148213.73513161438,142158.28622068706,151062.25146341007
2025-12-15,159798.84951259554,185408.80077403292,148250.38114331238,142197.38680774337,150978.98860440627
2025-12-16,159544.73176748405,184902.20463689516,147997.88138274453,141973.50100408145,150787.6089352217
2025-12-17,158853.06392537468,182867.61691234782,147332.85305702826,141752.8021979898,149771.60805738973
2025-12-18,159667.55622192073,184248.50154484803,148056.20407539094,142227.7328006348,150708.6713449119
2025-12-19,160300.45907914147,185918.43141936444,148653.99723384282,142730.9109528309,151577.11253077933
2025-12-22,161219.29492252818,187076.67985455025,149507.71982331912,143829.67788338405,152486.97066078678
2025-12-23,161942.6540966884,187931.7108940677,150199.90355978778,144730.9197472619,153218.60710273802
2025-12-24,162349.1105426565,188592.78350601398,150543.39695034054,144848.39369152894,153571.5192427705
2025-12-26,162704.04060648623,188573.65943514454,150895.8759415747,145429.92126848202,153862.30957332722
2025-12-29,161660.0638120227,187901.6492552032,149729.1651785962,143278.3271616079,152734.62637540884
2025-12-30,161730.8537425544,187672.19375101384,149781.35683005425,143337.73622064633,152713.17515123246
